Model,Test Accuracy,Improvement
Baseline,0.6437,0.0
Optimized (ES 1+1),0.7979999780654907,0.15429997806549067
